instagram|Instagram~Posts, stories, carousels and Reel covers.|انسٹاگرام~پوسٹس، اسٹوریز، کیروسل اور ریلز کور۔|इंस्टाग्राम~पोस्ट, स्टोरी, कैरोसेल और रील कवर।|اینستاگرام~پست، استوری، کاروسل و کاور ریلز.|Instagram~Gönderiler, hikâyeler, karuseller ve Reels kapakları.|Instagram~Publications, stories, carrousels et couvertures de Reels.
social|Social & advertising~Designs tailored to social platforms and campaigns.|سوشل میڈیا اور اشتہارات~پلیٹ فارمز اور مہمات کے مطابق ڈیزائن۔|सोशल मीडिया और विज्ञापन~प्लेटफ़ॉर्म और अभियानों के अनुसार डिज़ाइन।|شبکه‌ها و تبلیغات~طرح‌های مناسب شبکه‌های اجتماعی و کمپین‌ها.|Sosyal medya ve reklam~Platformlara ve kampanyalara özel tasarımlar.|Réseaux et publicité~Des designs adaptés aux plateformes et aux campagnes.
brand|Logos & branding~From your logo to the details of your brand presence.|لوگو اور برانڈنگ~لوگو سے برانڈ کی بصری تفصیلات تک۔|लोगो और ब्रांडिंग~लोगो से ब्रांड की दृश्य पहचान तक।|لوگو و هویت برند~از لوگو تا جزئیات حضور برند.|Logo ve marka kimliği~Logonuzdan marka varlığınızın ayrıntılarına.|Logos et identité~Du logo aux détails de votre présence de marque.
websites|Websites & interfaces~Page and interface designs suited to your business.|ویب سائٹس اور انٹرفیس~کاروبار کے مطابق صفحات اور انٹرفیس۔|वेबसाइट और इंटरफ़ेस~व्यवसाय के अनुसार पेज और इंटरफ़ेस डिज़ाइन।|وب‌سایت و رابط‌ها~طراحی صفحات و رابط‌های متناسب با کسب‌وکار.|Web siteleri ve arayüzler~İşinize uygun sayfa ve arayüz tasarımları.|Sites et interfaces~Des pages et interfaces adaptées à votre activité.
business|Business documents~Presentations, profiles and correspondence with your identity.|کاروباری دستاویزات~آپ کی شناخت کے ساتھ پیشکشیں، پروفائل اور مراسلت۔|व्यावसायिक दस्तावेज़~आपकी पहचान के साथ प्रस्तुतियाँ, प्रोफ़ाइल और पत्राचार।|اسناد کسب‌وکار~ارائه‌ها، پروفایل و مکاتبات با هویت شما.|İş belgeleri~Kimliğinizi yansıtan sunumlar, profiller ve yazışmalar.|Documents professionnels~Présentations, profils et courriers à votre image.
resumes|Resumes & portfolios~Clear, organized resumes and professional documents.|سی وی اور پورٹ فولیو~واضح اور منظم سی وی اور پیشہ ورانہ دستاویزات۔|सीवी और पोर्टफ़ोलियो~स्पष्ट और व्यवस्थित सीवी और पेशेवर दस्तावेज़।|رزومه و پرونده حرفه‌ای~رزومه‌ها و فایل‌های حرفه‌ای روشن و منظم.|Özgeçmiş ve portfolyo~Net ve düzenli özgeçmişler ve profesyonel belgeler.|CV et portfolios~Des CV et documents professionnels clairs et structurés.
print|Print & cards~Business cards, menus and print-ready layouts.|پرنٹ اور کارڈز~بزنس کارڈ، مینو اور پرنٹ کے لیے تیار ترتیب۔|प्रिंट और कार्ड~बिज़नेस कार्ड, मेन्यू और प्रिंट के लिए तैयार लेआउट।|چاپ و کارت‌ها~کارت ویزیت، منو و صفحه‌آرایی آماده چاپ.|Baskı ve kartlar~Kartvizit, menü ve baskıya hazır düzenler.|Imprimés et cartes~Cartes, menus et mises en page prêtes à imprimer.
events|Invitations & occasions~Designs for events and special moments.|دعوتیں اور تقریبات~تقریبات اور خاص لمحات کے لیے ڈیزائن۔|निमंत्रण और अवसर~आयोजनों और खास पलों के लिए डिज़ाइन।|دعوت‌نامه و مناسبت‌ها~طرح‌هایی برای رویدادها و لحظه‌های ویژه.|Davetiyeler ve özel günler~Etkinlikler ve özel anlar için tasarımlar.|Invitations et événements~Des designs pour les événements et moments importants.
education|Education & content~Explanations, worksheets and learning materials.|تعلیم اور مواد~وضاحتیں، ورک شیٹس اور تعلیمی مواد۔|शिक्षा और कंटेंट~व्याख्याएँ, वर्कशीट और शिक्षण सामग्री।|آموزش و محتوا~توضیحات، کاربرگ‌ها و مواد آموزشی.|Eğitim ve içerik~Açıklamalar, çalışma kâğıtları ve öğrenme materyalleri.|Éducation et contenu~Explications, fiches et supports pédagogiques.
packaging|Packaging & gifts~A visual touch for your packaging and products.|پیکیجنگ اور تحائف~پیکیجنگ اور مصنوعات کے لیے بصری انداز۔|पैकेजिंग और उपहार~पैकेजिंग और उत्पादों के लिए दृश्य शैली।|بسته‌بندی و هدایا~لمسه‌ای بصری برای بسته‌بندی و محصولات.|Ambalaj ve hediyeler~Ambalajınıza ve ürünlerinize görsel dokunuş.|Emballages et cadeaux~Une touche visuelle pour vos emballages et produits.
