instagram-post|Instagram post~A visual post for your product, offer or message.|انسٹاگرام پوسٹ~آپ کی مصنوعات، پیشکش یا پیغام کے لیے پوسٹ۔|इंस्टाग्राम पोस्ट~आपके उत्पाद, ऑफ़र या संदेश के लिए पोस्ट।|پست اینستاگرام~پستی تصویری برای محصول، پیشنهاد یا پیام شما.|Instagram gönderisi~Ürününüz, teklifiniz veya mesajınız için görsel gönderi.|Publication Instagram~Une publication pour votre produit, offre ou message.
instagram-story|Instagram story~A vertical design for daily promotions and occasions.|انسٹاگرام اسٹوری~روزانہ اشتہارات اور تقریبات کے لیے عمودی ڈیزائن۔|इंस्टाग्राम स्टोरी~दैनिक प्रचार और अवसरों के लिए वर्टिकल डिज़ाइन।|استوری اینستاگرام~طرح عمودی برای تبلیغات روزانه و مناسبت‌ها.|Instagram hikâyesi~Günlük tanıtımlar ve özel günler için dikey tasarım.|Story Instagram~Un design vertical pour vos promotions et événements.
instagram-carousel|Instagram carousel~A sequence of slides presenting your idea step by step.|انسٹاگرام کیروسل~آپ کے خیال کو مرحلہ وار پیش کرنے والی سلائیڈز۔|इंस्टाग्राम कैरोसेल~आपके विचार को चरणबद्ध प्रस्तुत करने वाली स्लाइडें।|کاروسل اینستاگرام~مجموعه اسلایدهایی برای ارائه گام‌به‌گام ایده.|Instagram karuseli~Fikrinizi adım adım sunan slayt dizisi.|Carrousel Instagram~Des diapositives présentant votre idée étape par étape.
reels-cover|Reel cover~A bold title and cover aligned with your account.|ریلز کا کور~آپ کے اکاؤنٹ سے ہم آہنگ نمایاں عنوان اور کور۔|रील कवर~आपके अकाउंट से मेल खाता आकर्षक शीर्षक और कवर।|کاور ریلز~عنوانی برجسته و کاوری هماهنگ با حساب شما.|Reels kapağı~Hesabınıza uyumlu, dikkat çekici başlık ve kapak.|Couverture de Reel~Un titre visible et une couverture assortie à votre compte.
instagram-grid|Instagram visual identity~A coordinated post grid and highlight covers.|انسٹاگرام کی بصری شناخت~ہم آہنگ پوسٹ گرڈ اور ہائی لائٹ کور۔|इंस्टाग्राम विज़ुअल पहचान~एकसमान पोस्ट ग्रिड और हाइलाइट कवर।|هویت بصری اینستاگرام~چیدمان هماهنگ پست‌ها و کاور هایلایت‌ها.|Instagram görsel kimliği~Uyumlu gönderi düzeni ve öne çıkan kapakları.|Identité Instagram~Une grille de publications et des couvertures de stories harmonisées.
snapchat-story|Snapchat ad~A vertical design presenting your product or service.|اسنیپ چیٹ اشتہار~مصنوعات یا خدمت کے لیے عمودی اشتہار۔|स्नैपचैट विज्ञापन~आपके उत्पाद या सेवा के लिए वर्टिकल विज्ञापन।|تبلیغ اسنپ‌چت~طرح عمودی برای معرفی محصول یا خدمت.|Snapchat reklamı~Ürün veya hizmetinizi tanıtan dikey tasarım.|Publicité Snapchat~Un design vertical pour votre produit ou service.
tiktok-cover|TikTok cover~A cover and headline for your vertical content.|ٹک ٹاک کور~عمودی مواد کے لیے کور اور عنوان۔|टिकटॉक कवर~आपके वर्टिकल कंटेंट के लिए कवर और शीर्षक।|کاور تیک‌تاک~کاور و عنوان برای محتوای عمودی شما.|TikTok kapağı~Dikey içeriğiniz için kapak ve başlık.|Couverture TikTok~Une couverture et un titre pour votre contenu vertical.
youtube-thumbnail|YouTube thumbnail~A thumbnail with readable text and a clear composition.|یوٹیوب تھمب نیل~واضح متن اور ترتیب کے ساتھ چھوٹی تصویر۔|यूट्यूब थंबनेल~पढ़ने योग्य टेक्स्ट और स्पष्ट लेआउट वाला थंबनेल।|تصویر بندانگشتی یوتیوب~تصویری با عنوان خوانا و ترکیب‌بندی روشن.|YouTube küçük resmi~Okunaklı başlık ve net kompozisyona sahip küçük resim.|Miniature YouTube~Une miniature avec un titre lisible et une composition claire.
linkedin-cover|LinkedIn cover~A banner for your professional profile or company page.|لنکڈ اِن کور~پیشہ ورانہ پروفائل یا کمپنی پیج کے لیے بینر۔|लिंक्डइन कवर~पेशेवर प्रोफ़ाइल या कंपनी पेज के लिए बैनर।|کاور لینکدین~بنری برای پروفایل حرفه‌ای یا صفحه شرکت.|LinkedIn kapağı~Profesyonel profiliniz veya şirket sayfanız için kapak.|Bannière LinkedIn~Une bannière pour votre profil professionnel ou votre entreprise.
campaign-banners|Campaign banners~Coordinated designs in your campaign sizes.|مہم کے بینرز~مطلوبہ سائز میں ہم آہنگ اشتہاری ڈیزائن۔|अभियान बैनर~आपके अभियान के आकारों में एकसमान डिज़ाइन।|بنرهای کمپین~طرح‌های هماهنگ در اندازه‌های کمپین شما.|Kampanya bannerları~Kampanya boyutlarınıza uygun, uyumlu tasarımlar.|Bannières de campagne~Des designs coordonnés aux formats de votre campagne.
logo-design|Logo design~A logo based on your business name, sector and direction.|لوگو ڈیزائن~نام، شعبے اور بصری سمت کے مطابق لوگو۔|लोगो डिज़ाइन~व्यवसाय के नाम, क्षेत्र और शैली के अनुसार लोगो।|طراحی لوگو~لوگو براساس نام، حوزه و جهت بصری کسب‌وکار.|Logo tasarımı~İşletme adınıza, sektörünüze ve görsel yönünüze uygun logo.|Création de logo~Un logo adapté au nom, au secteur et à l’orientation de votre activité.
visual-identity|Visual identity~A coordinated system of colors, fonts and applications.|بصری شناخت~رنگوں، فونٹس اور استعمال کا ہم آہنگ نظام۔|विज़ुअल पहचान~रंगों, फ़ॉन्ट और उपयोगों की एकसमान प्रणाली।|هویت بصری~نظام هماهنگ رنگ‌ها، قلم‌ها و کاربردهای برند.|Görsel kimlik~Renkler, yazı tipleri ve uygulamalardan oluşan uyumlu sistem.|Identité visuelle~Un système cohérent de couleurs, typographies et supports.
brand-guide|Brand guidelines~A guide to using your logo, colors and fonts.|برانڈ گائیڈ~لوگو، رنگوں اور فونٹس کے استعمال کی رہنمائی۔|ब्रांड गाइड~लोगो, रंग और फ़ॉन्ट इस्तेमाल करने की गाइड।|راهنمای هویت برند~راهنمای استفاده از لوگو، رنگ‌ها و قلم‌ها.|Marka kılavuzu~Logo, renk ve yazı tipi kullanım rehberi.|Guide de marque~Un guide d’utilisation du logo, des couleurs et des typographies.
business-card|Business card~A clear layout for your name and contact details.|بزنس کارڈ~نام اور رابطے کی واضح ترتیب والا کارڈ۔|बिज़नेस कार्ड~नाम और संपर्क विवरण का स्पष्ट लेआउट।|کارت ویزیت~چیدمانی روشن برای نام و اطلاعات تماس.|Kartvizit~Adınız ve iletişim bilgileriniz için net düzen.|Carte de visite~Une mise en page claire pour votre nom et vos coordonnées.
letterhead|Letterhead~A professional letterhead matching your identity.|لیٹرہیڈ~آپ کی شناخت سے ہم آہنگ رسمی لیٹرہیڈ۔|लेटरहेड~आपकी पहचान से मेल खाता पेशेवर लेटरहेड।|سربرگ رسمی~سربرگی هماهنگ با هویت شرکت.|Antetli kâğıt~Marka kimliğinizle uyumlu profesyonel antet.|Papier à en-tête~Un en-tête professionnel assorti à votre identité.
landing-page|Landing page design~A page design introducing a product or service and guiding inquiries.|لینڈنگ پیج ڈیزائن~مصنوعات یا خدمت متعارف کرانے اور رابطے کی رہنمائی والا صفحہ۔|लैंडिंग पेज डिज़ाइन~उत्पाद या सेवा परिचय और पूछताछ के लिए पेज डिज़ाइन।|طراحی صفحه فرود~صفحه‌ای برای معرفی محصول یا خدمت و هدایت درخواست‌ها.|Açılış sayfası tasarımı~Ürün veya hizmeti tanıtan ve talepleri yönlendiren sayfa.|Page d’atterrissage~Une page présentant votre offre et orientant les demandes.
company-website|Company website design~Layouts for company information, services, work and contact.|کمپنی ویب سائٹ ڈیزائن~تعارف، خدمات، کام اور رابطے کے صفحات کی ترتیب۔|कंपनी वेबसाइट डिज़ाइन~परिचय, सेवाओं, काम और संपर्क पेज के लेआउट।|طراحی سایت شرکت~صفحات معرفی، خدمات، نمونه‌کار و تماس.|Şirket sitesi tasarımı~Tanıtım, hizmet, çalışma ve iletişim sayfaları.|Site d’entreprise~Des pages pour présenter l’entreprise, ses services, ses réalisations et le contact.
portfolio-website|Portfolio website~A website layout showcasing your work and experience.|پورٹ فولیو ویب سائٹ~آپ کے کام اور تجربے کو دکھانے والی ویب سائٹ۔|पोर्टफ़ोलियो वेबसाइट~आपके काम और अनुभव को दिखाने वाला वेबसाइट लेआउट।|سایت نمونه‌کار~رابطی برای نمایش کارها و تجربه‌های شما.|Portfolyo sitesi~Çalışmalarınızı ve deneyiminizi sergileyen site düzeni.|Site portfolio~Une interface pour présenter vos réalisations et votre expérience.
storefront-design|Storefront interface~Coordinated product listing and detail page designs.|آن لائن اسٹور انٹرفیس~مصنوعات کی فہرست اور تفصیل کے ہم آہنگ صفحات۔|स्टोर इंटरफ़ेस~उत्पाद सूची और विवरण पेज के एकसमान डिज़ाइन।|رابط فروشگاه~طراحی هماهنگ صفحات محصولات و جزئیات آن‌ها.|Mağaza arayüzü~Ürün listesi ve ayrıntı sayfaları için uyumlu tasarımlar.|Interface de boutique~Des pages produits et fiches détaillées harmonisées.
website-banners|Website banners~Hero banners and section graphics matched to your site.|ویب سائٹ بینرز~مرکزی بینرز اور سیکشن گرافکس جو سائٹ سے میل کھائیں۔|वेबसाइट बैनर~साइट से मेल खाते मुख्य बैनर और सेक्शन ग्राफ़िक्स।|بنرهای سایت~بنر اصلی و تصاویر بخش‌ها هماهنگ با سایت.|Web sitesi bannerları~Sitenize uyumlu ana bannerlar ve bölüm görselleri.|Bannières de site~Des bannières et visuels de sections adaptés à votre site.
presentation-deck|Presentation deck~A business or project presentation using your approved text.|پریزنٹیشن~آپ کے منظور شدہ متن سے کاروباری یا منصوبے کی پیشکش۔|प्रेज़ेंटेशन~आपके स्वीकृत टेक्स्ट से व्यवसाय या प्रोजेक्ट की प्रस्तुति।|ارائه اسلایدی~تنظیم ارائه کسب‌وکار یا پروژه با متن تأییدشده شما.|Sunum tasarımı~Onayladığınız metinle iş veya proje sunumu.|Présentation~Une présentation d’entreprise ou de projet à partir de vos textes validés.
company-profile|Company profile~A designed document presenting your company and services.|کمپنی پروفائل~کمپنی اور خدمات کا منظم تعارفی دستاویز۔|कंपनी प्रोफ़ाइल~कंपनी और सेवाओं का डिज़ाइन किया हुआ परिचय दस्तावेज़।|پروفایل شرکت~فایلی طراحی‌شده برای معرفی شرکت و خدمات.|Şirket profili~Şirketinizi ve hizmetlerinizi tanıtan tasarımlı belge.|Profil d’entreprise~Un document conçu pour présenter votre entreprise et vos services.
proposal-design|Proposal & quotation~A clear layout for a service offer or business proposal.|تجویز اور قیمت نامہ~خدمات یا کاروباری تجویز کی واضح ترتیب۔|प्रस्ताव और कोटेशन~सेवा ऑफ़र या व्यावसायिक प्रस्ताव का स्पष्ट लेआउट।|پیشنهاد و پیش‌فاکتور~چیدمان روشن برای پیشنهاد خدمات یا طرح تجاری.|Teklif tasarımı~Hizmet teklifi veya iş önerisi için net düzen.|Proposition et devis~Une mise en page claire pour une offre ou une proposition commerciale.
report-design|Report design~Formatting for your supplied text, tables and charts.|رپورٹ ڈیزائن~فراہم کردہ متن، جدولوں اور چارٹس کی ترتیب۔|रिपोर्ट डिज़ाइन~दिए गए टेक्स्ट, तालिकाओं और चार्ट का फ़ॉर्मैटिंग।|طراحی گزارش~صفحه‌آرایی متن، جدول و نمودارهای ارائه‌شده.|Rapor tasarımı~Sağladığınız metin, tablo ve grafiklerin düzenlenmesi.|Mise en page de rapport~La mise en forme de vos textes, tableaux et graphiques.
product-catalog|Product catalog~A structured catalog of photos, prices and specifications.|پروڈکٹ کیٹلاگ~تصاویر، قیمتوں اور خصوصیات کا منظم کیٹلاگ۔|उत्पाद कैटलॉग~तस्वीरों, कीमतों और विवरण का व्यवस्थित कैटलॉग।|کاتالوگ محصولات~تنظیم تصاویر، قیمت‌ها و مشخصات محصولات.|Ürün kataloğu~Fotoğraf, fiyat ve özellikleri içeren düzenli katalog.|Catalogue produits~Un catalogue structuré de photos, prix et caractéristiques.
professional-cv|Professional resume~A clear layout for your experience and personal information.|پیشہ ورانہ سی وی~تجربے اور ذاتی معلومات کی واضح ترتیب۔|पेशेवर सीवी~अनुभव और व्यक्तिगत जानकारी का स्पष्ट लेआउट।|رزومه حرفه‌ای~چیدمان روشن سوابق و اطلاعات شما.|Profesyonel özgeçmiş~Deneyiminiz ve bilgileriniz için net düzen.|CV professionnel~Une présentation claire de votre parcours et de vos informations.
medical-cv|Medical resume~Organized qualifications, clinical experience and research.|طبی سی وی~قابلیت، طبی تجربے اور تحقیق کی منظم پیشکش۔|मेडिकल सीवी~योग्यताओं, चिकित्सकीय अनुभव और शोध की व्यवस्थित प्रस्तुति।|رزومه پزشکی~تنظیم مدارک، تجربه بالینی و پژوهش‌ها.|Tıbbi özgeçmiş~Nitelik, klinik deneyim ve araştırmaların düzenlenmesi.|CV médical~Une présentation organisée des qualifications, expériences cliniques et recherches.
academic-cv|Academic resume~Formatting for education, publications and academic activities.|تعلیمی سی وی~تعلیم، مطبوعات اور علمی سرگرمیوں کی ترتیب۔|अकादमिक सीवी~शिक्षा, प्रकाशन और अकादमिक गतिविधियों का फ़ॉर्मैटिंग।|رزومه دانشگاهی~تنظیم تحصیلات، انتشارات و فعالیت‌های علمی.|Akademik özgeçmiş~Eğitim, yayın ve akademik faaliyetlerin düzenlenmesi.|CV académique~Une mise en forme des études, publications et activités universitaires.
cover-letter|Cover letter layout~Formatting your letter to match your resume.|تعارفی خط کی ترتیب~آپ کے خط کو سی وی سے ہم آہنگ کرنا۔|कवर लेटर लेआउट~आपके पत्र को सीवी से मेल खाते रूप में सजाना।|صفحه‌آرایی نامه درخواست~تنظیم نامه شما هماهنگ با رزومه.|Ön yazı düzeni~Mektubunuzun özgeçmişinizle uyumlu biçimlendirilmesi.|Mise en page de lettre~Une présentation de votre lettre assortie à votre CV.
professional-portfolio|Professional portfolio~A visual document presenting your projects and skills.|پیشہ ورانہ پورٹ فولیو~منصوبوں اور مہارتوں کی بصری دستاویز۔|पेशेवर पोर्टफ़ोलियो~प्रोजेक्ट और कौशल प्रस्तुत करने वाला दृश्य दस्तावेज़।|پرونده حرفه‌ای~فایلی بصری برای پروژه‌ها و مهارت‌های شما.|Profesyonel portfolyo~Projelerinizi ve becerilerinizi sunan görsel belge.|Portfolio professionnel~Un document visuel présentant vos projets et compétences.
restaurant-menu|Restaurant or café menu~An organized menu of items, prices and details.|ریستوران یا کیفے مینو~اشیا، قیمتوں اور تفصیلات کی منظم فہرست۔|रेस्तराँ या कैफ़े मेन्यू~आइटम, कीमतों और विवरण की व्यवस्थित सूची।|منوی رستوران یا کافه~فهرستی منظم از اقلام، قیمت‌ها و جزئیات.|Restoran veya kafe menüsü~Ürün, fiyat ve ayrıntıları içeren düzenli menü.|Menu de restaurant ou café~Un menu organisé avec les produits, prix et détails.
flyer-design|Advertising flyer~A print design promoting a product, service or offer.|اشتہاری فلائر~مصنوعات، خدمت یا پیشکش کے لیے پرنٹ ڈیزائن۔|विज्ञापन फ़्लायर~उत्पाद, सेवा या ऑफ़र के प्रचार का प्रिंट डिज़ाइन।|تراکت تبلیغاتی~طرح چاپی برای معرفی محصول، خدمت یا پیشنهاد.|Reklam el ilanı~Ürün, hizmet veya kampanyayı tanıtan baskı tasarımı.|Flyer publicitaire~Un support imprimé pour promouvoir un produit, service ou offre.
brochure-design|Brochure design~A folded layout introducing your services or products.|بروشر ڈیزائن~خدمات یا مصنوعات کا تعارفی فولڈڈ ڈیزائن۔|ब्रोशर डिज़ाइन~सेवाओं या उत्पादों का परिचय देने वाला फोल्डेड लेआउट।|طراحی بروشور~چیدمان تاشو برای معرفی خدمات یا محصولات.|Broşür tasarımı~Hizmet veya ürünlerinizi tanıtan katlanır düzen.|Brochure~Une mise en page pliée pour présenter vos services ou produits.
poster-design|Poster design~A bold headline with clearly arranged information.|پوسٹر ڈیزائن~نمایاں عنوان اور واضح معلومات کی ترتیب۔|पोस्टर डिज़ाइन~आकर्षक शीर्षक और स्पष्ट जानकारी का लेआउट।|طراحی پوستر~عنوان برجسته با اطلاعات منظم و روشن.|Afiş tasarımı~Dikkat çekici başlık ve düzenli bilgiler.|Affiche~Un titre fort et des informations clairement organisées.
rollup-design|Roll-up & print banner~Promotional graphics for exhibitions and retail spaces.|رول اپ اور بینر~نمائشوں اور دکانوں کے لیے تشہیری گرافکس۔|रोल-अप और प्रिंट बैनर~प्रदर्शनियों और दुकानों के लिए प्रचार ग्राफ़िक्स।|رول‌آپ و بنر چاپی~گرافیک تبلیغاتی برای نمایشگاه و فروشگاه.|Roll-up ve baskı bannerı~Fuar ve mağazalar için tanıtım görselleri.|Roll-up et bannière imprimée~Des visuels pour les salons, événements et commerces.
wedding-invitation|Wedding invitation~A wedding invitation with your names, details and colors.|شادی کا دعوت نامہ~ناموں، تفصیلات اور پسندیدہ رنگوں کے ساتھ دعوت۔|शादी का निमंत्रण~आपके नाम, विवरण और रंगों के साथ निमंत्रण।|دعوت‌نامه عروسی~دعوت‌نامه با نام‌ها، جزئیات و رنگ‌های شما.|Düğün davetiyesi~İsimleriniz, ayrıntılarınız ve renklerinizle davetiye.|Faire-part de mariage~Une invitation avec vos noms, détails et couleurs.
birthday-invitation|Birthday invitation~A cheerful invitation in your chosen theme.|سالگرہ کا دعوت نامہ~پسندیدہ تھیم میں خوش رنگ دعوت۔|जन्मदिन निमंत्रण~आपकी चुनी थीम में खुशहाल निमंत्रण।|دعوت‌نامه تولد~دعوتی شاد با موضوع و رنگ دلخواه شما.|Doğum günü davetiyesi~Seçtiğiniz temada neşeli davetiye.|Invitation d’anniversaire~Une invitation joyeuse dans le thème de votre choix.
graduation-card|Graduation card~A design celebrating graduation and achievement.|گریجویشن کارڈ~تعلیمی کامیابی کی خوشی منانے والا ڈیزائن۔|ग्रेजुएशन कार्ड~पढ़ाई पूरी होने और उपलब्धि का जश्न मनाने वाला डिज़ाइन।|کارت فارغ‌التحصیلی~طرحی برای جشن پایان تحصیل و موفقیت.|Mezuniyet kartı~Mezuniyeti ve başarıyı kutlayan tasarım.|Carte de remise de diplôme~Un design pour célébrer la réussite et le diplôme.
greeting-card|Greeting card~A personal greeting for holidays and special moments.|تہنیتی کارڈ~تہواروں اور خاص لمحات کے لیے ذاتی مبارک باد۔|शुभकामना कार्ड~त्योहारों और खास पलों के लिए व्यक्तिगत शुभकामना।|کارت تبریک~پیامی شخصی برای جشن‌ها و لحظه‌های ویژه.|Tebrik kartı~Bayramlar ve özel anlar için kişisel tebrik.|Carte de vœux~Un message personnel pour les fêtes et moments importants.
event-program|Event program~A structured schedule with participants and event details.|تقریب کا پروگرام~شرکا اور تفصیلات کے ساتھ منظم شیڈول۔|कार्यक्रम सूची~प्रतिभागियों और विवरण के साथ व्यवस्थित कार्यक्रम।|برنامه رویداد~جدول منظم همراه با شرکت‌کنندگان و جزئیات.|Etkinlik programı~Katılımcılar ve ayrıntılarla düzenli program.|Programme d’événement~Un planning structuré avec les participants et les détails.
infographic|Infographic~A visual presentation of the information you supply.|انفوگرافک~آپ کی فراہم کردہ معلومات کی بصری پیشکش۔|इन्फ़ोग्राफ़िक~आपकी दी गई जानकारी की दृश्य प्रस्तुति।|اینفوگرافیک~ارائه بصری اطلاعاتی که فراهم می‌کنید.|İnfografik~Sağladığınız bilgilerin görsel sunumu.|Infographie~Une présentation visuelle des informations que vous fournissez.
worksheet|Educational worksheet~A layout for your questions and learning activities.|تعلیمی ورک شیٹ~آپ کے سوالات اور تعلیمی سرگرمیوں کی ترتیب۔|शैक्षिक वर्कशीट~आपके प्रश्नों और सीखने की गतिविधियों का लेआउट।|کاربرگ آموزشی~چیدمان پرسش‌ها و فعالیت‌های آموزشی شما.|Eğitim çalışma kâğıdı~Sorularınız ve öğrenme etkinlikleriniz için düzen.|Fiche pédagogique~Une mise en page de vos questions et activités d’apprentissage.
certificate|Certificate design~A certificate with names, text and your organization identity.|سرٹیفکیٹ ڈیزائن~نام، متن اور ادارے کی شناخت کے ساتھ سند۔|प्रमाणपत्र डिज़ाइन~नाम, टेक्स्ट और संस्था की पहचान वाला प्रमाणपत्र।|طراحی گواهی~اسامی، متن و هویت سازمان شما در یک گواهی.|Sertifika tasarımı~İsimler, metin ve kurum kimliğinizle sertifika.|Certificat~Un certificat avec les noms, textes et l’identité de votre organisme.
ebook-cover|E-book cover~A cover reflecting your book title and subject.|ای بک کور~کتاب کے عنوان اور موضوع کی عکاسی کرنے والا کور۔|ई-बुक कवर~किताब के शीर्षक और विषय को दर्शाने वाला कवर।|جلد کتاب الکترونیکی~جلدی متناسب با عنوان و موضوع کتاب.|E-kitap kapağı~Kitabınızın başlığını ve konusunu yansıtan kapak.|Couverture de livre numérique~Une couverture reflétant le titre et le sujet du livre.
course-slides|Course slides~Designed slides using the course content you provide.|کورس سلائیڈز~آپ کے فراہم کردہ کورس کے مواد سے سلائیڈز۔|कोर्स स्लाइडें~आपके दिए पाठ्यक्रम कंटेंट से बनी स्लाइडें।|اسلایدهای دوره~طراحی اسلاید با محتوای دوره ارائه‌شده شما.|Kurs slaytları~Sağladığınız kurs içeriğiyle hazırlanan slaytlar.|Diapositives de formation~Des slides conçues à partir de votre contenu de formation.
product-label|Product label~A label arranging the product name and information.|پروڈکٹ لیبل~نام اور معلومات کی ترتیب والا لیبل۔|उत्पाद लेबल~नाम और जानकारी व्यवस्थित करने वाला लेबल।|برچسب محصول~تنظیم نام و اطلاعات محصول روی برچسب.|Ürün etiketi~Ürün adı ve bilgilerini düzenleyen etiket.|Étiquette produit~Une étiquette organisant le nom et les informations du produit.
box-design|Box packaging design~Artwork on the print dieline you supply.|ڈبے کا ڈیزائن~آپ کے فراہم کردہ پرنٹ کٹنگ ٹیمپلیٹ پر ڈیزائن۔|बॉक्स पैकेजिंग डिज़ाइन~आपकी दी प्रिंट डाईलाइन पर डिज़ाइन।|طراحی جعبه~طراحی روی قالب برش چاپی ارائه‌شده شما.|Kutu ambalaj tasarımı~Sağladığınız baskı kesim şablonuna uygulanan tasarım.|Design de boîte~Un visuel appliqué au gabarit de découpe fourni.
thank-you-card|Order thank-you card~A branded thank-you message included with your orders.|شکریہ کارڈ~ہر آرڈر کے ساتھ آپ کے برانڈ کا شکریہ پیغام۔|धन्यवाद कार्ड~ऑर्डर के साथ आपके ब्रांड का धन्यवाद संदेश।|کارت تشکر سفارش~پیام تشکر با هویت برند در هر سفارش.|Sipariş teşekkür kartı~Siparişlere eklenen markalı teşekkür mesajı.|Carte de remerciement~Un message de remerciement à votre image, joint aux commandes.
gift-tag|Gift tag~A small card adding a personal message to a gift.|گفٹ ٹیگ~تحفے پر ذاتی پیغام والا چھوٹا کارڈ۔|गिफ़्ट टैग~उपहार पर व्यक्तिगत संदेश जोड़ने वाला छोटा कार्ड।|تگ هدیه~کارتی کوچک برای پیام شخصی روی هدیه.|Hediye etiketi~Hediyeye kişisel mesaj ekleyen küçük kart.|Étiquette cadeau~Une petite carte ajoutant un message personnel au cadeau.
merch-design|T-shirt or mug design~Artwork or lettering sized for your chosen product.|ٹی شرٹ یا مگ ڈیزائن~منتخب مصنوعات کے سائز کے مطابق آرٹ یا عبارت۔|टी-शर्ट या मग डिज़ाइन~चुने उत्पाद के आकार में चित्र या टेक्स्ट।|طرح تی‌شرت یا ماگ~تصویر یا نوشته متناسب با محصول انتخابی.|Tişört veya kupa tasarımı~Seçtiğiniz ürüne uygun boyutta görsel veya yazı.|Design pour t-shirt ou mug~Un visuel ou texte au format de votre produit.
