بكسل|pixels|پکسل|पिक्सेल|پیکسل|piksel|pixels
بكسل لكل شريحة|pixels per slide|پکسل فی سلائیڈ|पिक्सेल प्रति स्लाइड|پیکسل برای هر اسلاید|slayt başına piksel|pixels par diapositive
16:9 أو المقاس المطلوب|16:9 or your required size|16:9 یا مطلوبہ سائز|16:9 या आवश्यक आकार|۱۶:۹ یا اندازه موردنیاز|16:9 veya istediğiniz boyut|16:9 ou format souhaité
A3 أو مقاس مخصّص|A3 or custom size|A3 یا حسبِ ضرورت سائز|A3 या विशेष आकार|A3 یا اندازه سفارشی|A3 veya özel boyut|A3 ou format personnalisé
A4 أو المقاس المطلوب|A4 or required size|A4 یا مطلوبہ سائز|A4 या आवश्यक आकार|A4 یا اندازه موردنیاز|A4 veya istenen boyut|A4 ou format souhaité
A4 أو مطوية أو مقاس رقمي|A4, folded or digital format|A4، فولڈڈ یا ڈیجیٹل فارمیٹ|A4, फोल्डेड या डिजिटल प्रारूप|A4، تاشو یا دیجیتال|A4, katlanır veya dijital biçim|A4, dépliant ou format numérique
A4 أو مقاس عرض مخصّص|A4 or custom presentation size|A4 یا پیشکش کا خاص سائز|A4 या विशेष प्रस्तुति आकार|A4 یا اندازه سفارشی ارائه|A4 veya özel sunum boyutu|A4 ou format de présentation personnalisé
A4 أو مقاس مخصّص|A4 or custom size|A4 یا حسبِ ضرورت سائز|A4 या विशेष आकार|A4 یا اندازه سفارشی|A4 veya özel boyut|A4 ou format personnalisé
A4 وعدد الصفحات حسب المحتوى|A4; page count based on content|A4؛ صفحات مواد کے مطابق|A4; पेजों की संख्या सामग्री के अनुसार|A4؛ تعداد صفحات براساس محتوا|A4; sayfa sayısı içeriğe göre|A4 ; nombre de pages selon le contenu
A5 أو A4 أو مقاس مخصّص|A5, A4 or custom size|A5، A4 یا خاص سائز|A5, A4 या विशेष आकार|A5، A4 یا اندازه سفارشی|A5, A4 veya özel boyut|A5, A4 ou format personnalisé
PDF بمقاس مخصّص|Custom-sized PDF|خاص سائز کی PDF|विशेष आकार का PDF|PDF با اندازه سفارشی|Özel boyutlu PDF|PDF au format personnalisé
إعلان ثابت|One static ad|ایک ساکن اشتہار|एक स्थिर विज्ञापन|یک تبلیغ ثابت|Bir sabit reklam|Une publicité statique
الحاسوب والجوال|Desktop and mobile|کمپیوٹر اور موبائل|डेस्कटॉप और मोबाइल|رایانه و موبایل|Masaüstü ve mobil|Ordinateur et mobile
الطيات والمقاس حسب المطبعة|Folds and size per printer specifications|فولڈ اور سائز پرنٹر کی ہدایات کے مطابق|फ़ोल्ड और आकार प्रिंटर के निर्देशों के अनुसार|تا و اندازه طبق مشخصات چاپخانه|Katlama ve boyut matbaa özelliklerine göre|Plis et format selon l’imprimeur
المقاس والشكل حسب الطلب|Size and shape as requested|سائز اور شکل درخواست کے مطابق|आकार और आकृति अनुरोध के अनुसार|اندازه و شکل طبق سفارش|Boyut ve şekil talebe göre|Format et forme selon la demande
المقاس والهوامش حسب المطبعة|Size and margins per printer specifications|سائز اور حاشیے پرنٹر کی ہدایات کے مطابق|आकार और मार्जिन प्रिंटर के निर्देशों के अनुसार|اندازه و حاشیه طبق مشخصات چاپخانه|Boyut ve kenar boşlukları matbaaya göre|Format et marges selon l’imprimeur
باقة بحسب عدد العناصر|Package based on item count|اشیا کی تعداد کے مطابق پیکیج|आइटमों की संख्या के अनुसार पैकेज|بسته براساس تعداد اقلام|Öğe sayısına göre paket|Forfait selon le nombre d’éléments
باقة هوية بحسب النطاق|Identity package based on scope|دائرے کے مطابق شناخت کا پیکیج|दायरे के अनुसार पहचान पैकेज|بسته هویت براساس دامنه|Kapsama göre kimlik paketi|Forfait d’identité selon le périmètre
بطاقة واحدة|One card|ایک کارڈ|एक कार्ड|یک کارت|Bir kart|Une carte
بوستر واحد|One poster|ایک پوسٹر|एक पोस्टर|یک پوستر|Bir afiş|Une affiche
تصميم تاغ|Tag design|ٹیگ ڈیزائن|टैग डिज़ाइन|طراحی تگ|Etiket tasarımı|Design d’étiquette
تصميم ترويسة|Letterhead design|لیٹرہیڈ ڈیزائن|लेटरहेड डिज़ाइन|طراحی سربرگ|Antet tasarımı|Design d’en-tête
تصميم رأسي مع مراعاة قصّ الشبكة|Vertical layout allowing for grid cropping|گرڈ کی کٹائی کو مدنظر رکھتے ہوئے عمودی ڈیزائن|ग्रिड क्रॉपिंग ध्यान में रखकर वर्टिकल लेआउट|طرح عمودی با توجه به برش گرید|Izgara kırpmasına uygun dikey düzen|Format vertical tenant compte du recadrage de la grille
تصميم شهادة|Certificate design|سرٹیفکیٹ ڈیزائن|प्रमाणपत्र डिज़ाइन|طراحی گواهی|Sertifika tasarımı|Design de certificat
تصميم صفحات؛ النشر بحسب الاتفاق|Page design; publishing as agreed|صفحوں کا ڈیزائن؛ اشاعت معاہدے کے مطابق|पेज डिज़ाइन; प्रकाशन समझौते के अनुसार|طراحی صفحات؛ انتشار طبق توافق|Sayfa tasarımı; yayınlama anlaşmaya göre|Design des pages ; publication selon l’accord
تصميم على قالب معتمد|Design on an approved dieline|منظور شدہ ٹیمپلیٹ پر ڈیزائن|स्वीकृत डाईलाइन पर डिज़ाइन|طراحی روی قالب تأییدشده|Onaylı şablon üzerinde tasarım|Design sur gabarit validé
تصميم للحاسوب والجوال|Design for desktop and mobile|کمپیوٹر اور موبائل کے لیے ڈیزائن|डेस्कटॉप और मोबाइल के लिए डिज़ाइन|طراحی برای رایانه و موبایل|Masaüstü ve mobil tasarım|Design pour ordinateur et mobile
تصميم معرض أعمال|Portfolio design|پورٹ فولیو ڈیزائن|पोर्टफ़ोलियो डिज़ाइन|طراحی نمونه‌کار|Portfolyo tasarımı|Design de portfolio
تصميم ملصق|Label design|لیبل ڈیزائن|लेबल डिज़ाइन|طراحی برچسب|Etiket tasarımı|Design d’étiquette
تصميم من محتوى معتمد|Design from approved content|منظور شدہ مواد سے ڈیزائن|स्वीकृत सामग्री से डिज़ाइन|طراحی با محتوای تأییدشده|Onaylı içerikten tasarım|Design à partir de contenu validé
تصميم واجهات؛ الدفع والبرمجة منفصلان|Interface design; payments and development are separate|انٹرفیس ڈیزائن؛ ادائیگی اور پروگرامنگ الگ ہیں|इंटरफ़ेस डिज़ाइन; भुगतान और डेवलपमेंट अलग हैं|طراحی رابط؛ پرداخت و برنامه‌نویسی جداست|Arayüz tasarımı; ödeme ve geliştirme ayrıdır|Design d’interface ; paiement et développement séparés
تصميم واجهة؛ البرمجة تُحدّد منفصلة|Interface design; development scoped separately|انٹرفیس ڈیزائن؛ پروگرامنگ الگ طے ہوگی|इंटरफ़ेस डिज़ाइन; डेवलपमेंट का दायरा अलग तय होगा|طراحی رابط؛ برنامه‌نویسی جداگانه تعیین می‌شود|Arayüz tasarımı; geliştirme ayrıca belirlenir|Design d’interface ; développement défini séparément
تصميم واحد بحسب المقاس|One design at the required size|مطلوبہ سائز کا ایک ڈیزائن|आवश्यक आकार में एक डिज़ाइन|یک طرح در اندازه موردنیاز|İstenen boyutta bir tasarım|Un design au format requis
تطبيقات تُحدّد في عرض السعر|Applications specified in the quote|استعمال قیمت نامے میں طے ہوں گے|उपयोग कोटेशन में तय होंगे|کاربردها در پیش‌فاکتور مشخص می‌شود|Uygulamalar teklifte belirtilir|Supports définis dans le devis
تنسيق المحتوى المقدّم|Formatting of supplied content|فراہم کردہ مواد کی ترتیب|दी गई सामग्री का फ़ॉर्मैटिंग|صفحه‌آرایی محتوای ارائه‌شده|Sağlanan içeriğin düzenlenmesi|Mise en forme du contenu fourni
تنسيق النص الذي تقدّمه|Formatting of your supplied text|آپ کے فراہم کردہ متن کی ترتیب|आपके दिए टेक्स्ट का फ़ॉर्मैटिंग|تنظیم متن ارائه‌شده شما|Sağladığınız metnin düzenlenmesi|Mise en forme de votre texte
تنسيق خطاب مقدّم من العميل|Formatting of the client's letter|کلائنٹ کے خط کی ترتیب|ग्राहक के पत्र का फ़ॉर्मैटिंग|تنظیم نامه ارائه‌شده مشتری|Müşterinin mektubunun düzenlenmesi|Mise en forme de la lettre du client
تنسيق دون إضافة مؤهلات|Formatting without adding qualifications|قابلیت بڑھائے بغیر ترتیب|योग्यताएँ जोड़े बिना फ़ॉर्मैटिंग|تنظیم بدون افزودن مدارک|Nitelik eklemeden düzenleme|Mise en forme sans ajout de qualifications
تُحدّد المقاسات حسب عناصر الباقة|Sizes depend on package items|سائز پیکیج کی اشیا کے مطابق|आकार पैकेज के आइटमों के अनुसार|اندازه‌ها براساس اقلام بسته|Boyutlar paket öğelerine göre|Formats selon les éléments du forfait
حسب الطباعة أو العرض الرقمي|Based on print or digital use|پرنٹ یا ڈیجیٹل استعمال کے مطابق|प्रिंट या डिजिटल उपयोग के अनुसार|براساس کاربرد چاپی یا دیجیتال|Baskı veya dijital kullanıma göre|Selon l’usage imprimé ou numérique
حسب حجم المحتوى والاستخدام|Based on content length and use|مواد کی مقدار اور استعمال کے مطابق|सामग्री की मात्रा और उपयोग के अनुसार|براساس حجم محتوا و کاربرد|İçerik uzunluğu ve kullanıma göre|Selon la longueur du contenu et l’usage
حسب مساحة العرض في موقعك|Based on your website display area|آپ کی سائٹ کی جگہ کے مطابق|वेबसाइट की डिस्प्ले जगह के अनुसार|براساس فضای نمایش سایت|Sitenizin gösterim alanına göre|Selon l’espace d’affichage du site
حسب مقاسات مزوّد الطباعة|Per print supplier dimensions|پرنٹ فراہم کنندہ کے سائز کے مطابق|प्रिंट सप्लायर के आकार के अनुसार|طبق ابعاد ارائه‌دهنده چاپ|Baskı sağlayıcısının ölçülerine göre|Selon les dimensions de l’imprimeur
حسب منصة النشر|Based on the publishing platform|اشاعت کے پلیٹ فارم کے مطابق|प्रकाशन प्लेटफ़ॉर्म के अनुसार|براساس پلتفرم انتشار|Yayın platformuna göre|Selon la plateforme de publication
دعوة ثابتة|One static invitation|ایک ساکن دعوت نامہ|एक स्थिर निमंत्रण|یک دعوت‌نامه ثابت|Bir sabit davetiye|Une invitation statique
رقمي أو مهيأ للطباعة|Digital or print-ready|ڈیجیٹل یا پرنٹ کے لیے تیار|डिजिटल या प्रिंट के लिए तैयार|دیجیتال یا آماده چاپ|Dijital veya baskıya hazır|Numérique ou prêt à imprimer
رقمية أو بمقاس مطبوع|Digital or print format|ڈیجیٹل یا پرنٹ سائز|डिजिटल या प्रिंट प्रारूप|قالب دیجیتال یا چاپی|Dijital veya baskı biçimi|Format numérique ou imprimé
ستوري واحد|One story|ایک اسٹوری|एक स्टोरी|یک استوری|Bir hikâye|Une story
صورة مصغّرة واحدة|One thumbnail|ایک تھمب نیل|एक थंबनेल|یک تصویر بندانگشتی|Bir küçük resim|Une miniature
عدد الأوراق بحسب الطلب|Sheet count as requested|اوراق کی تعداد درخواست کے مطابق|शीट की संख्या अनुरोध के अनुसार|تعداد برگه طبق سفارش|Yaprak sayısı talebe göre|Nombre de fiches selon la demande
عدد البنرات بحسب الطلب|Banner count as requested|بینروں کی تعداد درخواست کے مطابق|बैनर की संख्या अनुरोध के अनुसार|تعداد بنر طبق سفارش|Banner sayısı talebe göre|Nombre de bannières selon la demande
عدد الشرائح بحسب الاتفاق|Slide count as agreed|سلائیڈز کی تعداد معاہدے کے مطابق|स्लाइडों की संख्या समझौते के अनुसार|تعداد اسلاید طبق توافق|Slayt sayısı anlaşmaya göre|Nombre de diapositives selon l’accord
عدد الشرائح بحسب الطلب|Slide count as requested|سلائیڈز کی تعداد درخواست کے مطابق|स्लाइडों की संख्या अनुरोध के अनुसार|تعداد اسلاید طبق سفارش|Slayt sayısı talebe göre|Nombre de diapositives selon la demande
عدد الصفحات بحسب الاتفاق|Page count as agreed|صفحات کی تعداد معاہدے کے مطابق|पेजों की संख्या समझौते के अनुसार|تعداد صفحات طبق توافق|Sayfa sayısı anlaşmaya göre|Nombre de pages selon l’accord
عدد الصفحات بحسب البرنامج|Page count based on the program|صفحات پروگرام کے مطابق|पेजों की संख्या कार्यक्रम के अनुसार|تعداد صفحات براساس برنامه|Sayfa sayısı programa göre|Nombre de pages selon le programme
عدد الصفحات بحسب القائمة|Page count based on the menu|صفحات مینو کے مطابق|पेजों की संख्या मेन्यू के अनुसार|تعداد صفحات براساس منو|Sayfa sayısı menüye göre|Nombre de pages selon le menu
عدد الصفحات بحسب المحتوى|Page count based on content|صفحات مواد کے مطابق|पेजों की संख्या सामग्री के अनुसार|تعداد صفحات براساس محتوا|Sayfa sayısı içeriğe göre|Nombre de pages selon le contenu
عدد الصفحات حسب المحتوى|Page count based on content|صفحات مواد کے مطابق|पेजों की संख्या सामग्री के अनुसार|تعداد صفحات براساس محتوا|Sayfa sayısı içeriğe göre|Nombre de pages selon le contenu
عدد المقاسات بحسب الاتفاق|Number of sizes as agreed|سائز کی تعداد معاہدے کے مطابق|आकारों की संख्या समझौते के अनुसार|تعداد اندازه‌ها طبق توافق|Boyut sayısı anlaşmaya göre|Nombre de formats selon l’accord
عدد المنتجات والصفحات حسب الطلب|Product and page count as requested|مصنوعات اور صفحات درخواست کے مطابق|उत्पादों और पेजों की संख्या अनुरोध के अनुसार|تعداد محصول و صفحه طبق سفارش|Ürün ve sayfa sayısı talebe göre|Nombre de produits et de pages selon la demande
غلاف أمامي؛ الكامل حسب الاتفاق|Front cover; full cover by agreement|سامنے کا کور؛ مکمل کور معاہدے کے مطابق|फ्रंट कवर; पूरा कवर समझौते के अनुसार|جلد رو؛ جلد کامل طبق توافق|Ön kapak; tam kapak anlaşmaya göre|Première de couverture ; couverture complète selon l’accord
غلاف ثابت|One static cover|ایک ساکن کور|एक स्थिर कवर|یک کاور ثابت|Bir sabit kapak|Une couverture statique
غلاف واحد|One cover|ایک کور|एक कवर|یک کاور|Bir kapak|Une couverture
مطوية بحسب النطاق|Folded brochure within agreed scope|طے شدہ دائرے میں فولڈڈ بروشر|तय दायरे में फोल्डेड ब्रोशर|بروشور تاشو طبق دامنه|Kapsama göre katlanır broşür|Dépliant selon le périmètre
مقاس حسب العبوة|Size based on packaging|سائز پیکیجنگ کے مطابق|आकार पैकेजिंग के अनुसार|اندازه براساس بسته‌بندی|Ambalaja göre boyut|Format selon l’emballage
مقاس رقمي أو مطبوع|Digital or print size|ڈیجیٹل یا پرنٹ سائز|डिजिटल या प्रिंट आकार|اندازه دیجیتال یا چاپی|Dijital veya baskı boyutu|Format numérique ou imprimé
مقاسات متعددة بحسب المنصة|Multiple sizes by platform|پلیٹ فارم کے مطابق مختلف سائز|प्लेटफ़ॉर्म के अनुसार कई आकार|اندازه‌های مختلف براساس پلتفرم|Platforma göre birden fazla boyut|Plusieurs formats selon la plateforme
ملف PDF|PDF file|PDF فائل|PDF फ़ाइल|فایل PDF|PDF dosyası|Fichier PDF
ملف تصميم؛ المنتج والطباعة منفصلان|Design file; product and printing are separate|ڈیزائن فائل؛ مصنوعات اور پرنٹنگ الگ ہیں|डिज़ाइन फ़ाइल; उत्पाद और प्रिंटिंग अलग हैं|فایل طراحی؛ محصول و چاپ جداست|Tasarım dosyası; ürün ve baskı ayrıdır|Fichier de design ; produit et impression séparés
منشور واحد|One post|ایک پوسٹ|एक पोस्ट|یک پست|Bir gönderi|Une publication
نسخ للاستخدام الرقمي والطباعة حسب الاتفاق|Digital and print versions as agreed|معاہدے کے مطابق ڈیجیٹل اور پرنٹ نسخے|समझौते के अनुसार डिजिटल और प्रिंट संस्करण|نسخه دیجیتال و چاپی طبق توافق|Anlaşmaya göre dijital ve baskı sürümleri|Versions numériques et imprimées selon l’accord
نطاق الشعار يُحدّد قبل التنفيذ|Logo scope agreed before work begins|لوگو کا دائرہ پہلے طے ہوگا|लोगो का दायरा शुरुआत से पहले तय होगा|دامنه لوگو پیش از اجرا تعیین می‌شود|Logo kapsamı başlamadan belirlenir|Périmètre du logo défini avant le début
واجهات تُحدّد في نطاق العمل|Interfaces defined in the scope|انٹرفیس کام کے دائرے میں طے ہوں گے|इंटरफ़ेस काम के दायरे में तय होंगे|رابط‌ها در دامنه کار مشخص می‌شوند|Arayüzler iş kapsamında belirlenir|Interfaces définies dans le périmètre
وجه أو وجهان|One or two sides|ایک یا دو رخ|एक या दो तरफ़|یک یا دو رو|Tek veya çift yüz|Recto ou recto verso
وجه أو وجهان بحسب الطلب|One or two sides as requested|درخواست کے مطابق ایک یا دو رخ|अनुरोध के अनुसार एक या दो तरफ़|یک یا دو رو طبق سفارش|Talebe göre tek veya çift yüz|Recto ou recto verso selon la demande
وفق قالب ومقاس العبوة|Per packaging template and dimensions|پیکیجنگ ٹیمپلیٹ اور سائز کے مطابق|पैकेजिंग टेम्पलेट और आकार के अनुसार|طبق قالب و اندازه بسته‌بندی|Ambalaj şablonu ve ölçülerine göre|Selon le gabarit et les dimensions de l’emballage
وفق ملف القصّ من المطبعة|Per printer-supplied dieline|پرنٹر کی کٹنگ فائل کے مطابق|प्रिंटर की दी डाईलाइन के अनुसार|طبق فایل برش چاپخانه|Matbaanın kesim şablonuna göre|Selon le gabarit de découpe de l’imprimeur
وفق مواصفات مزوّد الطباعة|Per print supplier specifications|پرنٹ فراہم کنندہ کی ہدایات کے مطابق|प्रिंट सप्लायर के निर्देशों के अनुसार|طبق مشخصات ارائه‌دهنده چاپ|Baskı sağlayıcısının özelliklerine göre|Selon les spécifications de l’imprimeur
يُحدّد حسب نوع الحساب|Based on account type|اکاؤنٹ کی قسم کے مطابق|अकाउंट प्रकार के अनुसार|براساس نوع حساب|Hesap türüne göre|Selon le type de compte
