أقسام التصميم|Design categories|ڈیزائن کے زمرے|डिज़ाइन श्रेणियाँ|دسته‌های طراحی|Tasarım kategorileri|Catégories de design
كل الخدمات|All services|تمام خدمات|सभी सेवाएँ|همه خدمات|Tüm hizmetler|Tous les services
الكل|All|سب|सभी|همه|Tümü|Tout
طريقة الطلب|How to order|آرڈر کا طریقہ|ऑर्डर कैसे करें|روش سفارش|Nasıl sipariş verilir|Comment commander
طلب خاص|Custom request|خصوصی درخواست|विशेष अनुरोध|سفارش ویژه|Özel talep|Demande personnalisée
طلب تصميم خاص|Custom design request|خصوصی ڈیزائن کی درخواست|विशेष डिज़ाइन अनुरोध|درخواست طراحی اختصاصی|Özel tasarım talebi|Demande de design sur mesure
انتقل إلى الخدمات|Skip to services|خدمات پر جائیں|सेवाओं पर जाएँ|رفتن به خدمات|Hizmetlere geç|Aller aux services
القائمة الرئيسية|Main navigation|مرکزی مینو|मुख्य मेन्यू|منوی اصلی|Ana menü|Navigation principale
SAAD STUDIO الرئيسية|SAAD STUDIO home|SAAD STUDIO مرکزی صفحہ|SAAD STUDIO होम|صفحه اصلی SAAD STUDIO|SAAD STUDIO ana sayfa|Accueil SAAD STUDIO
الرئيسية|Home|مرکزی صفحہ|होम|خانه|Ana sayfa|Accueil
كل فكرة.|Every idea.|ہر خیال۔|हर विचार।|هر ایده.|Her fikir.|Chaque idée.
لها|Deserves|کا اپنا|का अपना|یک|Bir|Mérite un
تصميم.|A design.|ڈیزائن۔|डिज़ाइन।|طراحی دارد.|tasarımı hak eder.|design.
من ستوري إنستغرام إلى هوية مشروعك وموقعك. اختر نوع العمل، وأضف تفاصيلك، ونتولى التصميم لك.|From Instagram stories to your brand and website. Choose a service, share the details, and we will design it for you.|انسٹاگرام اسٹوری سے آپ کے برانڈ اور ویب سائٹ تک۔ خدمت منتخب کریں، تفصیلات بتائیں، ڈیزائن ہم بنائیں گے۔|इंस्टाग्राम स्टोरी से ब्रांड पहचान और वेबसाइट तक। सेवा चुनें, विवरण दें और डिज़ाइन हम बनाएँगे।|از استوری اینستاگرام تا هویت برند و وب‌سایت. خدمت را انتخاب کنید، جزئیات را بفرستید و طراحی را به ما بسپارید.|Instagram hikâyelerinden marka kimliğinize ve web sitenize. Hizmeti seçin, ayrıntıları paylaşın; tasarımı biz yapalım.|Des stories Instagram à votre identité et votre site. Choisissez un service, précisez vos besoins et nous réalisons le design.
تصفّح كل الخدمات|Explore all services|تمام خدمات دیکھیں|सभी सेवाएँ देखें|مشاهده همه خدمات|Tüm hizmetleri keşfet|Découvrir tous les services
إنستغرام والمنصات|Instagram & social|انسٹاگرام اور سوشل میڈیا|इंस्टाग्राम और सोशल मीडिया|اینستاگرام و شبکه‌ها|Instagram ve sosyal medya|Instagram et réseaux
شعارات وكروت|Logos & cards|لوگو اور کارڈز|लोगो और कार्ड|لوگو و کارت|Logolar ve kartlar|Logos et cartes
مواقع وصفحات|Websites & pages|ویب سائٹس اور صفحات|वेबसाइट और पेज|وب‌سایت و صفحات|Web siteleri ve sayfalar|Sites et pages
حضور|A presence|ایسی موجودگی|ऐसी उपस्थिति|حضوری|Fark edilen|Une présence
يلفت.|That stands out.|جو نمایاں ہو۔|जो अलग दिखे।|چشمگیر.|bir duruş.|remarquable.
هوية|An identity|ایسی پہچان|ऐसी पहचान|هویتی|Tanınan|Une identité
تُعرف.|To remember.|جو یاد رہے۔|जो याद रहे।|ماندگار.|bir kimlik.|mémorable.
واجهة|A website|ایسی ویب سائٹ|ऐसी वेबसाइट|رابطی|Size uygun|Un site
تليق بك.|Made for you.|جو آپ کے لیے ہو۔|जो आपके लिए हो।|شایسته شما.|bir arayüz.|à votre image.
10 أقسام / 50 خدمة|10 categories / 50 services|10 زمرے / 50 خدمات|10 श्रेणियाँ / 50 सेवाएँ|۱۰ دسته / ۵۰ خدمت|10 kategori / 50 hizmet|10 catégories / 50 services
ماذا تريد أن تصمّم؟|What would you like designed?|آپ کیا ڈیزائن کروانا چاہتے ہیں؟|आप क्या डिज़ाइन करवाना चाहते हैं?|چه چیزی می‌خواهید طراحی شود؟|Ne tasarlatmak istersiniz?|Que souhaitez-vous faire créer ?
خدمات التصميم حسب الطلب|Made-to-order design services|حسبِ ضرورت ڈیزائن خدمات|आपकी ज़रूरत के अनुसार डिज़ाइन|خدمات طراحی سفارشی|Siparişe özel tasarım hizmetleri|Services de design sur mesure
ابدأ من هنا|Start here|یہاں سے شروع کریں|यहाँ से शुरू करें|از اینجا شروع کنید|Buradan başlayın|Commencez ici
خدمات مختارة لمشروعك ومناسباتك.|Selected services for your business and occasions.|آپ کے کاروبار اور تقریبات کے لیے منتخب خدمات۔|आपके व्यवसाय और अवसरों के लिए चुनी हुई सेवाएँ।|خدمات منتخب برای کسب‌وکار و مناسبت‌های شما.|İşiniz ve özel günleriniz için seçilmiş hizmetler.|Des services sélectionnés pour votre activité et vos événements.
كل خدمات التصميم|All design services|تمام ڈیزائن خدمات|सभी डिज़ाइन सेवाएँ|همه خدمات طراحی|Tüm tasarım hizmetleri|Tous les services de design
50 خدمة موزّعة على 10 أقسام. ابحث عن نوع العمل الذي تحتاجه.|50 services across 10 categories. Find what you need.|10 زمروں میں 50 خدمات۔ اپنی ضرورت کی خدمت تلاش کریں۔|10 श्रेणियों में 50 सेवाएँ। अपनी ज़रूरत की सेवा खोजें।|۵۰ خدمت در ۱۰ دسته. خدمت موردنیازتان را پیدا کنید.|10 kategoride 50 hizmet. İhtiyacınız olanı bulun.|50 services dans 10 catégories. Trouvez ce qu’il vous faut.
ابحث عن خدمة|Search services|خدمت تلاش کریں|सेवाएँ खोजें|جستجوی خدمات|Hizmet ara|Rechercher un service
مثال: ستوري، كرت، سيرة ذاتية…|Try: story, card, resume…|مثلاً: اسٹوری، کارڈ، سی وی…|जैसे: स्टोरी, कार्ड, सीवी…|مثلاً: استوری، کارت، رزومه…|Örnek: hikâye, kart, özgeçmiş…|Ex. : story, carte, CV…
عرض التفاصيل|View details|تفصیلات دیکھیں|विवरण देखें|مشاهده جزئیات|Ayrıntıları gör|Voir les détails
عرض تفاصيل|View details for|تفصیلات دیکھیں:|विवरण देखें:|مشاهده جزئیات|Ayrıntılar:|Détails :
السعر حسب تفاصيل الطلب|Price based on your brief|قیمت تفصیلات کے مطابق|विवरण के अनुसार कीमत|قیمت براساس جزئیات سفارش|Fiyat talebinize göre belirlenir|Prix selon votre demande
المعاينات تصوّرات بصرية للخدمات. يتم الاتفاق على التصميم النهائي والسعر قبل التنفيذ.|Previews illustrate the services. The final design and price are agreed before work begins.|پیش نظارے خدمات کی مثالیں ہیں۔ حتمی ڈیزائن اور قیمت کام شروع ہونے سے پہلے طے ہوں گے۔|पूर्वावलोकन सेवाओं के उदाहरण हैं। अंतिम डिज़ाइन और कीमत काम शुरू होने से पहले तय होंगे।|پیش‌نمایش‌ها نمایشی از خدمات‌اند. طرح نهایی و قیمت پیش از شروع کار توافق می‌شود.|Ön izlemeler hizmetleri örnekler. Son tasarım ve fiyat işe başlamadan önce kararlaştırılır.|Les aperçus illustrent les services. Le design final et le prix sont convenus avant le début du travail.
تصميم حسب الطلب، بتفاصيل تخصّك.|Made-to-order design, with your details.|آپ کی تفصیلات کے ساتھ حسبِ ضرورت ڈیزائن۔|आपकी पसंद और विवरण के अनुसार डिज़ाइन।|طراحی سفارشی، با جزئیات مخصوص شما.|Size ait ayrıntılarla özel tasarım.|Un design sur mesure, jusque dans les détails.
خدمات من نفس القسم|Related services|متعلقہ خدمات|संबंधित सेवाएँ|خدمات مرتبط|İlgili hizmetler|Services associés
مسار الصفحة|Breadcrumbs|صفحے کا راستہ|पेज का पथ|مسیر صفحه|Sayfa yolu|Fil d’Ariane
الخدمة غير موجودة|Service not found|خدمت نہیں ملی|सेवा नहीं मिली|خدمت پیدا نشد|Hizmet bulunamadı|Service introuvable
لم نجد خدمة بهذا الاسم|No matching services|اس نام کی کوئی خدمت نہیں ملی|कोई मेल खाती सेवा नहीं मिली|خدمت مشابهی پیدا نشد|Eşleşen hizmet yok|Aucun service correspondant
جرّب كلمة أخرى أو اكتب فكرتك في طلب خاص.|Try another word or describe your idea in a custom request.|دوسرا لفظ آزمائیں یا خصوصی درخواست میں اپنا خیال لکھیں۔|दूसरा शब्द खोजें या विशेष अनुरोध में अपना विचार लिखें।|واژه دیگری امتحان کنید یا ایده‌تان را در سفارش ویژه بنویسید.|Başka bir kelime deneyin veya özel talepte fikrinizi anlatın.|Essayez un autre mot ou décrivez votre idée dans une demande personnalisée.
تصوّر بصري للخدمة؛ يُنفّذ العمل النهائي بحسب تفاصيل طلبك.|Service illustration; the final work is tailored to your brief.|خدمت کی مثال؛ حتمی کام آپ کی تفصیلات کے مطابق ہوگا۔|सेवा का उदाहरण; अंतिम काम आपके विवरण के अनुसार होगा।|تصویر نمایشی خدمت؛ کار نهایی براساس جزئیات سفارش شما انجام می‌شود.|Hizmet örneğidir; son çalışma talebinize göre hazırlanır.|Illustration du service ; le travail final est adapté à votre demande.
المقاس / الاستخدام|Size / use|سائز / استعمال|आकार / उपयोग|اندازه / کاربرد|Boyut / kullanım|Format / usage
نطاق العمل|Scope of work|کام کا دائرہ|काम का दायरा|دامنه کار|İş kapsamı|Périmètre du travail
السعر|Price|قیمت|कीमत|قیمت|Fiyat|Prix
اطلب هذا التصميم|Request this design|یہ ڈیزائن طلب کریں|यह डिज़ाइन मँगवाएँ|سفارش این طراحی|Bu tasarımı talep et|Demander ce design
يُؤكّد السعر وموعد التسليم وعدد التعديلات قبل بدء التنفيذ.|Price, delivery date and revision count are confirmed before work begins.|قیمت، ترسیل کی تاریخ اور ترمیم کی تعداد پہلے طے ہوگی۔|कीमत, डिलीवरी की तारीख और संशोधनों की संख्या पहले तय होगी।|قیمت، زمان تحویل و تعداد اصلاحات پیش از شروع تأیید می‌شود.|Fiyat, teslim tarihi ve revizyon sayısı işe başlamadan önce onaylanır.|Le prix, la date de livraison et le nombre de retouches sont confirmés avant de commencer.
النماذج المتاحة|Available samples|دستیاب نمونے|उपलब्ध नमूने|نمونه‌های موجود|Mevcut örnekler|Modèles disponibles
ماذا ترسل لنا؟|What should you send?|آپ کیا بھیجیں؟|आपको क्या भेजना है?|چه چیزهایی بفرستید؟|Neler göndermelisiniz?|Que devez-vous envoyer ?
كيف يتم التنفيذ؟|How does it work?|کام کیسے ہوتا ہے؟|काम कैसे होगा?|کار چگونه انجام می‌شود؟|Nasıl çalışır?|Comment cela se passe-t-il ?
النصوص النهائية والأسماء المطلوبة|Final text and required names|حتمی متن اور مطلوبہ نام|अंतिम टेक्स्ट और आवश्यक नाम|متن نهایی و نام‌های موردنیاز|Son metinler ve gerekli isimler|Les textes définitifs et les noms nécessaires
الشعار أو الصور التي تريد استخدامها|The logo or images to use|استعمال کے لیے لوگو یا تصاویر|इस्तेमाल करने वाला लोगो या तस्वीरें|لوگو یا تصاویر موردنظر|Kullanılacak logo veya görseller|Le logo ou les images à utiliser
الألوان أو مرجع بصري يعجبك|Preferred colors or a visual reference|پسندیدہ رنگ یا بصری حوالہ|पसंदीदा रंग या दृश्य संदर्भ|رنگ‌های دلخواه یا مرجع بصری|Tercih edilen renkler veya görsel referans|Les couleurs souhaitées ou une référence visuelle
المقاس والموعد المطلوب|Required size and deadline|مطلوبہ سائز اور تاریخ|आवश्यक आकार और समयसीमा|اندازه و موعد موردنیاز|Gerekli boyut ve teslim tarihi|Le format et la date souhaités
تجهّز التفاصيل والنصوص والمراجع.|Prepare your details, text and references.|تفصیلات، متن اور حوالے تیار کریں۔|विवरण, टेक्स्ट और संदर्भ तैयार करें।|جزئیات، متن‌ها و مراجع را آماده کنید.|Ayrıntıları, metinleri ve referansları hazırlayın.|Préparez vos détails, textes et références.
نحدّد النطاق والسعر والموعد وصيغة الملفات.|We agree the scope, price, deadline and file formats.|ہم دائرہ، قیمت، تاریخ اور فائل فارمیٹ طے کرتے ہیں۔|हम दायरा, कीमत, समयसीमा और फ़ाइल प्रारूप तय करते हैं।|دامنه، قیمت، موعد و قالب فایل‌ها را مشخص می‌کنیم.|Kapsamı, fiyatı, tarihi ve dosya biçimlerini kararlaştırırız.|Nous convenons du périmètre, du prix, du délai et des formats.
ينفّذ المصمم العمل ويراجع ملاحظاتك بحسب الاتفاق.|The designer creates the work and reviews your feedback as agreed.|ڈیزائنر کام بناتا ہے اور معاہدے کے مطابق آپ کی رائے پر نظرثانی کرتا ہے۔|डिज़ाइनर काम तैयार करता है और समझौते के अनुसार आपकी प्रतिक्रिया पर संशोधन करता है।|طراح کار را انجام می‌دهد و طبق توافق بازخوردتان را بررسی می‌کند.|Tasarımcı çalışmayı hazırlar ve geri bildiriminizi anlaşmaya göre değerlendirir.|Le designer réalise le travail et examine vos retours selon l’accord.
تستلم النسخة النهائية بالصيغة المتفق عليها.|You receive the final work in the agreed format.|آپ کو حتمی کام طے شدہ فارمیٹ میں ملتا ہے۔|अंतिम काम तय प्रारूप में मिलता है।|نسخه نهایی را در قالب توافق‌شده دریافت می‌کنید.|Son çalışmayı kararlaştırılan biçimde alırsınız.|Vous recevez le résultat final au format convenu.
تفاصيل طلبك|Your request details|آپ کی درخواست کی تفصیلات|आपके अनुरोध का विवरण|جزئیات سفارش شما|Talebinizin ayrıntıları|Détails de votre demande
إغلاق|Close|بند کریں|बंद करें|بستن|Kapat|Fermer
الاسم|Name|نام|नाम|نام|Ad|Nom
كيف نناديك؟|Your name|آپ کا نام|आपका नाम|نام شما|Adınız|Votre nom
وسيلة التواصل|Contact details|رابطے کی تفصیلات|संपर्क विवरण|اطلاعات تماس|İletişim bilgileri|Coordonnées
رقم الهاتف أو البريد الإلكتروني|Phone or email|فون یا ای میل|फ़ोन या ईमेल|تلفن یا ایمیل|Telefon veya e-posta|Téléphone ou e-mail
النموذج|Sample|نمونہ|नमूना|نمونه|Örnek|Modèle
المقاس أو الاستخدام|Size or use|سائز یا استعمال|आकार या उपयोग|اندازه یا کاربرد|Boyut veya kullanım|Format ou usage
مثال: منشور إنستغرام|Example: Instagram post|مثال: انسٹاگرام پوسٹ|उदाहरण: इंस्टाग्राम पोस्ट|مثال: پست اینستاگرام|Örnek: Instagram gönderisi|Exemple : publication Instagram
الموعد المطلوب|Preferred date|مطلوبہ تاریخ|पसंदीदा तारीख|تاریخ موردنظر|İstenen tarih|Date souhaitée
تفاصيل التصميم|Design brief|ڈیزائن کی تفصیلات|डिज़ाइन का विवरण|شرح طراحی|Tasarım özeti|Description du design
اكتب النص المطلوب، الألوان، وعدد التصاميم وأي ملاحظات…|Enter the text, colors, number of designs and any notes…|متن، رنگ، ڈیزائن کی تعداد اور نوٹس لکھیں…|टेक्स्ट, रंग, डिज़ाइनों की संख्या और टिप्पणियाँ लिखें…|متن، رنگ‌ها، تعداد طرح‌ها و یادداشت‌ها را بنویسید…|Metni, renkleri, tasarım sayısını ve notları yazın…|Indiquez les textes, couleurs, le nombre de designs et vos remarques…
تصميم حسب التفاصيل|Design from my brief|تفصیلات کے مطابق ڈیزائن|मेरे विवरण के अनुसार डिज़ाइन|طراحی براساس توضیحات|Talebime göre tasarım|Design selon ma demande
تفتح تفاصيل طلبك في واتساب. راجع الرسالة وأرسلها لإتمام التواصل. لا يتم الدفع عبر هذه الصفحة.|Your details open in WhatsApp. Review and send the message to contact us. No payment is taken on this page.|تفصیلات واٹس ایپ میں کھلیں گی۔ رابطے کے لیے پیغام دیکھ کر بھیجیں۔ اس صفحے پر ادائیگی نہیں ہوتی۔|विवरण व्हाट्सऐप में खुलेगा। संपर्क के लिए संदेश जाँचकर भेजें। इस पेज पर भुगतान नहीं होता।|جزئیات در واتس‌اپ باز می‌شود. پیام را بررسی و ارسال کنید. در این صفحه پرداختی انجام نمی‌شود.|Ayrıntılar WhatsApp’ta açılır. İletişim için mesajı kontrol edip gönderin. Bu sayfada ödeme alınmaz.|Les détails s’ouvrent dans WhatsApp. Vérifiez et envoyez le message. Aucun paiement n’est effectué sur cette page.
استقبال الطلبات قيد التجهيز. يمكنك تجهيز ملخص طلبك ونسخه، ولن يُرسل أو يُحفظ لدى الاستوديو الآن.|Order reception is being set up. You can prepare and copy a summary; it will not be sent or saved by the studio yet.|آرڈر وصول کرنے کا نظام تیار ہو رہا ہے۔ خلاصہ تیار کرکے نقل کریں؛ فی الحال اسٹوڈیو کو بھیجا یا محفوظ نہیں ہوگا۔|ऑर्डर लेने की सुविधा तैयार हो रही है। सारांश बनाकर कॉपी कर सकते हैं; अभी यह स्टूडियो को भेजा या सहेजा नहीं जाएगा।|دریافت سفارش در حال آماده‌سازی است. می‌توانید خلاصه را آماده و کپی کنید؛ فعلاً برای استودیو ارسال یا ذخیره نمی‌شود.|Sipariş alımı hazırlanıyor. Özeti hazırlayıp kopyalayabilirsiniz; henüz stüdyoya gönderilmez veya kaydedilmez.|La réception des commandes est en préparation. Vous pouvez créer et copier un récapitulatif ; il ne sera pas encore envoyé ni enregistré par le studio.
متابعة الطلب عبر واتساب ↗|Continue on WhatsApp ↗|واٹس ایپ پر جاری رکھیں ↗|व्हाट्सऐप पर जारी रखें ↗|ادامه در واتس‌اپ ↗|WhatsApp’ta devam et ↗|Continuer sur WhatsApp ↗
تجهيز ملخص الطلب|Prepare request summary|درخواست کا خلاصہ بنائیں|अनुरोध का सारांश बनाएँ|آماده‌سازی خلاصه سفارش|Talep özeti hazırla|Préparer le récapitulatif
ملخص الطلب|Request summary|درخواست کا خلاصہ|अनुरोध का सारांश|خلاصه سفارش|Talep özeti|Récapitulatif
نسخ ملخص الطلب|Copy summary|خلاصہ نقل کریں|सारांश कॉपी करें|کپی خلاصه|Özeti kopyala|Copier le récapitulatif
تم نسخ الملخص|Summary copied|خلاصہ نقل ہوگیا|सारांश कॉपी हो गया|خلاصه کپی شد|Özet kopyalandı|Récapitulatif copié
حدّد النص وانسخه من الملخص|Select and copy the summary text|خلاصے کا متن منتخب کرکے نقل کریں|सारांश का टेक्स्ट चुनकर कॉपी करें|متن خلاصه را انتخاب و کپی کنید|Özet metnini seçip kopyalayın|Sélectionnez et copiez le texte du récapitulatif
ملخصك جاهز للنسخ. لم يتم إرسال طلبك.|Your summary is ready to copy. Your request has not been sent.|خلاصہ نقل کرنے کے لیے تیار ہے۔ درخواست نہیں بھیجی گئی۔|सारांश कॉपी करने के लिए तैयार है। अनुरोध भेजा नहीं गया है।|خلاصه آماده کپی است. سفارش شما ارسال نشده است.|Özetiniz kopyalanmaya hazır. Talebiniz gönderilmedi.|Votre récapitulatif est prêt à copier. Votre demande n’a pas été envoyée.
أكمل الإرسال في واتساب. فتح الرسالة وحده لا يرسل الطلب.|Send the message in WhatsApp. Opening it does not send the request.|واٹس ایپ میں پیغام بھیجیں۔ صرف کھولنے سے درخواست نہیں بھیجی جاتی۔|व्हाट्सऐप में संदेश भेजें। खोलने भर से अनुरोध नहीं भेजा जाता।|پیام را در واتس‌اپ ارسال کنید. باز کردن آن به‌تنهایی سفارش را ارسال نمی‌کند.|Mesajı WhatsApp’ta gönderin. Açmak, talebi göndermez.|Envoyez le message dans WhatsApp. L’ouvrir ne suffit pas à envoyer la demande.
طلب تصميم|Design request|ڈیزائن کی درخواست|डिज़ाइन अनुरोध|درخواست طراحی|Tasarım talebi|Demande de design
الخدمة|Service|خدمت|सेवा|خدمت|Hizmet|Service
التواصل|Contact|رابطہ|संपर्क|تماس|İletişim|Contact
التفاصيل|Details|تفصیلات|विवरण|جزئیات|Ayrıntılar|Détails
خدمة|services|خدمات|सेवाएँ|خدمت|hizmet|services
خدمات|services|خدمات|सेवाएँ|خدمات|hizmet|services
02 / من الاختيار إلى التسليم|02 / From choice to delivery|02 / انتخاب سے ترسیل تک|02 / चुनाव से डिलीवरी तक|۰۲ / از انتخاب تا تحویل|02 / Seçimden teslime|02 / Du choix à la livraison
03 / قبل أن تطلب|03 / Before ordering|03 / آرڈر سے پہلے|03 / ऑर्डर से पहले|۰۳ / پیش از سفارش|03 / Siparişten önce|03 / Avant de commander
طلب بسيط.|A simple request.|آسان درخواست۔|आसान अनुरोध।|سفارشی ساده.|Kolay sipariş.|Une demande simple.
وتفاصيل محسوبة.|Thoughtful details.|سوچی سمجھی تفصیلات۔|सोच-समझकर तय विवरण।|با جزئیات دقیق.|Özenli ayrıntılar.|Des détails soignés.
تواصل مباشر لتنفيذ عمل يناسبك.|Direct communication for work that fits your needs.|آپ کی ضرورت کے مطابق کام کے لیے براہِ راست رابطہ۔|आपकी ज़रूरत के अनुसार काम के लिए सीधा संवाद।|ارتباط مستقیم برای کاری متناسب با نیاز شما.|İhtiyacınıza uygun çalışma için doğrudan iletişim.|Un échange direct pour un résultat adapté à vos besoins.
اختر الخدمة|Choose a service|خدمت منتخب کریں|सेवा चुनें|خدمت را انتخاب کنید|Hizmet seçin|Choisissez un service
حدّد نوع التصميم أو اختر نموذجًا متاحًا يعجبك.|Choose a design type or an available sample you like.|ڈیزائن کی قسم یا پسندیدہ دستیاب نمونہ منتخب کریں۔|डिज़ाइन का प्रकार या पसंद का उपलब्ध नमूना चुनें।|نوع طراحی یا نمونه دلخواه موجود را انتخاب کنید.|Tasarım türünü veya beğendiğiniz mevcut örneği seçin.|Choisissez le type de design ou un modèle disponible qui vous plaît.
أرسل التفاصيل|Share your details|تفصیلات بھیجیں|विवरण भेजें|جزئیات را بفرستید|Ayrıntıları paylaşın|Partagez les détails
النصوص، الألوان، المقاس والموعد المطلوب. نتفق على السعر والنطاق قبل البدء.|Text, colors, size and deadline. We agree the price and scope before starting.|متن، رنگ، سائز اور تاریخ۔ شروع سے پہلے قیمت اور دائرہ طے ہوگا۔|टेक्स्ट, रंग, आकार और समयसीमा। शुरुआत से पहले कीमत और दायरा तय होगा।|متن، رنگ، اندازه و موعد. قیمت و دامنه پیش از شروع توافق می‌شود.|Metin, renk, boyut ve tarih. Başlamadan önce fiyat ve kapsamda anlaşırız.|Textes, couleurs, format et délai. Le prix et le périmètre sont convenus avant le début.
راجع واستلم|Review and receive|جائزہ لیں اور وصول کریں|जाँचें और प्राप्त करें|بررسی و دریافت کنید|İnceleyin ve teslim alın|Validez et recevez
ننفّذ التصميم، نراجع ملاحظاتك بحسب الاتفاق، ثم نسلّم الملفات بالصيغة المتفق عليها.|We design, review your feedback as agreed, and deliver the files in the agreed format.|ہم ڈیزائن بناتے، معاہدے کے مطابق رائے دیکھتے اور طے شدہ فارمیٹ میں فائلیں دیتے ہیں۔|हम डिज़ाइन बनाते हैं, तय अनुसार प्रतिक्रिया की समीक्षा करते हैं और फ़ाइलें तय प्रारूप में देते हैं।|طراحی می‌کنیم، طبق توافق بازخوردتان را بررسی می‌کنیم و فایل‌ها را در قالب توافق‌شده تحویل می‌دهیم.|Tasarımı hazırlar, geri bildiriminizi anlaşmaya göre değerlendirir ve dosyaları kararlaştırılan biçimde teslim ederiz.|Nous réalisons le design, traitons vos retours selon l’accord et livrons les fichiers au format convenu.
كل التفاصيل واضحة.|Clear from the start.|شروع سے واضح تفصیلات۔|शुरू से सब स्पष्ट।|همه جزئیات روشن است.|Baştan itibaren net.|Tout est clair dès le départ.
ماذا أحتاج لتجهيز طلبي؟|What do I need to prepare?|درخواست کے لیے کیا تیار کروں؟|अनुरोध के लिए क्या तैयार करूँ?|برای سفارش چه چیزهایی لازم است؟|Neleri hazırlamalıyım?|Que dois-je préparer ?
النص النهائي، المقاسات أو الاستخدام، الألوان المفضلة، وأي شعار أو مرجع تريد الاستفادة منه. يمكنك مشاركة الملفات عند التواصل.|Final text, sizes or intended use, preferred colors, and any logo or reference. You can share files when contacting us.|حتمی متن، سائز یا استعمال، پسندیدہ رنگ، لوگو یا حوالہ۔ رابطے کے وقت فائلیں شیئر کریں۔|अंतिम टेक्स्ट, आकार या उपयोग, पसंदीदा रंग, लोगो या संदर्भ। संपर्क करते समय फ़ाइलें साझा कर सकते हैं।|متن نهایی، اندازه یا کاربرد، رنگ‌ها و لوگو یا مرجع. هنگام تماس می‌توانید فایل‌ها را ارسال کنید.|Son metin, boyut veya kullanım amacı, renkler ve logo ya da referans. İletişim sırasında dosya paylaşabilirsiniz.|Le texte définitif, le format ou l’usage, les couleurs et tout logo ou référence. Vous pourrez partager vos fichiers lors de l’échange.
هل تشمل الخدمة الطباعة؟|Is printing included?|کیا پرنٹنگ شامل ہے؟|क्या प्रिंटिंग शामिल है?|آیا چاپ شامل می‌شود؟|Baskı dahil mi?|L’impression est-elle incluse ?
يُحدّد نطاق كل طلب قبل البدء. الطباعة والتوصيل ليست مشمولة إلا باتفاق صريح ضمن عرض السعر.|The scope is agreed before starting. Printing and delivery are excluded unless explicitly included in the quote.|کام کا دائرہ پہلے طے ہوتا ہے۔ پرنٹنگ اور ترسیل صرف واضح قیمت نامے میں شامل ہونے پر ملیں گی۔|काम का दायरा पहले तय होता है। प्रिंटिंग और डिलीवरी केवल स्पष्ट रूप से कोटेशन में शामिल होने पर मिलेंगी।|دامنه پیش از شروع مشخص می‌شود. چاپ و ارسال فقط با توافق صریح در پیش‌فاکتور شامل است.|Kapsam başlamadan belirlenir. Baskı ve teslimat, teklifte açıkça belirtilmedikçe dahil değildir.|Le périmètre est convenu avant le début. L’impression et la livraison sont exclues, sauf mention explicite dans le devis.
كيف يُحدّد السعر وموعد التسليم؟|How are price and timing agreed?|قیمت اور تاریخ کیسے طے ہوتی ہے؟|कीमत और समय कैसे तय होते हैं?|قیمت و زمان چگونه تعیین می‌شوند؟|Fiyat ve süre nasıl belirlenir?|Comment sont fixés le prix et le délai ?
بحسب نوع العمل وعدد التصاميم والتفاصيل المطلوبة. يُؤكّد السعر والموعد معك قبل بدء التنفيذ.|They depend on the work, number of designs and details. Price and deadline are confirmed before work begins.|یہ کام، ڈیزائن کی تعداد اور تفصیلات پر منحصر ہیں۔ قیمت اور تاریخ پہلے طے ہوگی۔|ये काम, डिज़ाइनों की संख्या और विवरण पर निर्भर हैं। कीमत और समयसीमा पहले तय होगी।|به نوع کار، تعداد طرح‌ها و جزئیات بستگی دارد. قیمت و موعد پیش از شروع تأیید می‌شود.|İşin türüne, tasarım sayısına ve ayrıntılara bağlıdır. Fiyat ve tarih başlamadan onaylanır.|Ils dépendent du travail, du nombre de designs et des détails. Le prix et le délai sont confirmés avant de commencer.
هل أستطيع طلب تصميم مختلف؟|Can I request something else?|کیا میں مختلف ڈیزائن مانگ سکتا ہوں؟|क्या मैं कोई अलग डिज़ाइन माँग सकता हूँ?|آیا می‌توانم طراحی دیگری سفارش دهم؟|Farklı bir tasarım isteyebilir miyim?|Puis-je demander un autre design ?
نعم، اختر «طلب خاص» واشرح فكرتك واحتياجاتك ليتم تحديد إمكانية تنفيذها وتكلفتها.|Yes. Choose Custom request and describe your idea so we can assess feasibility and cost.|جی ہاں۔ خصوصی درخواست منتخب کرکے خیال بتائیں تاکہ امکان اور لاگت طے ہو۔|हाँ। विशेष अनुरोध चुनकर विचार बताएँ ताकि व्यवहार्यता और लागत तय हो सके।|بله. سفارش ویژه را انتخاب و ایده‌تان را شرح دهید تا امکان اجرا و هزینه مشخص شود.|Evet. Özel talebi seçip fikrinizi anlatın; uygulanabilirliğini ve maliyetini değerlendirelim.|Oui. Choisissez Demande personnalisée et décrivez votre idée pour en évaluer la faisabilité et le coût.
تصوّر للخدمة|Service concept|خدمت کا تصور|सेवा की अवधारणा|تصویر خدمت|Hizmet konsepti|Concept du service
تفاصيل خدمة التصميم|Design service details|ڈیزائن خدمت کی تفصیلات|डिज़ाइन सेवा का विवरण|جزئیات خدمت طراحی|Tasarım hizmeti ayrıntıları|Détails du service de design
خدمات التصميم|Design services|ڈیزائن خدمات|डिज़ाइन सेवाएँ|خدمات طراحی|Tasarım hizmetleri|Services de design
خمسون خدمة تصميم في عشرة أقسام. اختر خدمتك واطلب تنفيذها حسب تفاصيلك.|Fifty design services in ten categories. Choose a service and request a tailored design.|دس زمروں میں پچاس ڈیزائن خدمات۔ خدمت منتخب کرکے اپنی تفصیلات کے مطابق درخواست دیں۔|दस श्रेणियों में पचास डिज़ाइन सेवाएँ। सेवा चुनें और अपनी ज़रूरत के अनुसार अनुरोध करें।|پنجاه خدمت طراحی در ده دسته. خدمت را انتخاب و طراحی سفارشی درخواست کنید.|On kategoride elli tasarım hizmeti. Hizmet seçip özel tasarım talep edin.|Cinquante services de design dans dix catégories. Choisissez un service et demandez un design adapté.
تصفّح خدمات السوشيال والهوية والمواقع والطباعة والمناسبات.|Explore social, branding, web, print and event design services.|سوشل، برانڈنگ، ویب، پرنٹ اور تقریبات کی خدمات دیکھیں۔|सोशल, ब्रांडिंग, वेब, प्रिंट और कार्यक्रम डिज़ाइन सेवाएँ देखें।|خدمات شبکه‌های اجتماعی، هویت، وب، چاپ و مناسبت‌ها را ببینید.|Sosyal medya, marka, web, baskı ve etkinlik hizmetlerini keşfedin.|Découvrez les services pour réseaux, marques, sites, imprimés et événements.
تفاصيل الخدمة والمقاسات ومتطلبات تنفيذ طلبك.|Service details, dimensions and requirements for your request.|خدمت کی تفصیلات، سائز اور درخواست کی ضروریات۔|सेवा का विवरण, आकार और आपके अनुरोध की आवश्यकताएँ।|جزئیات خدمت، اندازه‌ها و نیازمندی‌های سفارش.|Hizmet ayrıntıları, ölçüler ve talep gereksinimleri.|Détails du service, dimensions et éléments nécessaires.
تعرّف على خطوات الطلب والمراجعة والتسليم.|Learn about requesting, reviewing and receiving your design.|درخواست، جائزے اور ترسیل کے مراحل جانیں۔|अनुरोध, समीक्षा और डिलीवरी के चरण जानें।|با مراحل سفارش، بررسی و تحویل آشنا شوید.|Talep, inceleme ve teslim aşamalarını öğrenin.|Découvrez les étapes de demande, de validation et de livraison.
